{
  "schemaVersion": 1,
  "id": "pvpmaster",
  "version": "${version}",
  "name": "PvPMaster",
  "description": "Ultimate PvP Mod with 90 Features - InvHUD, FPS Boost, Combat, Visuals & More!",
  "authors": ["PvPMaster Team"],
  "contact": {
    "homepage": "https://github.com/pvpmaster"
  },
  "license": "MIT",
  "icon": "assets/pvpmaster/icon.png",
  "environment": "client",
  "entrypoints": {
    "client": [
      "com.pvpmaster.PvPMasterMod"
    ]
  },
  "mixins": [
    "pvpmaster.mixins.json"
  ],
  "depends": {
    "fabricloader": ">=0.16.0",
    "fabric-api": "*",
    "minecraft": "~1.21.1",
    "java": ">=21"
  }
}
